step,total_steps,loss,reward_avg,tokens_per_sec,avg_response_len,eval_acc
1,500,-0.000000,0.000000,35.475887,264.500000,
2,500,-0.000000,0.000000,13.415970,7.875000,
3,500,9.074089,0.250000,31.873715,34.875000,
4,500,32.744190,0.375000,34.998068,52.125000,
5,500,2.409258,0.500000,39.635269,412.500000,
6,500,-16.100594,0.875000,40.227290,390.250000,
7,500,-0.000000,0.000000,34.747990,826.000000,
8,500,-11.132372,0.750000,37.224698,249.625000,
9,500,8.745426,0.125000,24.256622,422.750000,
10,500,-0.000000,0.000000,28.011133,560.750000,
11,500,3.468606,0.875000,31.484456,339.875000,
12,500,-0.000000,0.000000,27.669178,575.500000,
13,500,-0.000000,0.000000,25.482319,186.125000,
14,500,4.322584,0.500000,28.759357,297.250000,
15,500,10.764402,0.875000,31.867951,271.375000,
16,500,-0.700882,0.500000,31.107089,331.750000,
17,500,-0.000000,0.000000,23.698952,683.125000,
18,500,-34.852604,0.625000,25.356203,441.125000,
19,500,-32.913609,0.750000,23.430450,430.750000,
20,500,-23.458261,0.500000,24.877576,494.000000,
21,500,-50.912941,0.750000,26.551450,479.500000,
22,500,-0.000000,0.000000,28.470985,482.000000,
23,500,-0.000000,0.000000,22.926347,558.375000,
24,500,-77.620155,0.375000,25.151142,581.625000,
25,500,8.690183,0.625000,22.460362,421.875000,
26,500,16.429497,0.875000,26.503534,289.000000,
27,500,-35.499836,0.750000,33.506104,407.000000,
28,500,14.555317,0.875000,21.577300,264.375000,
29,500,-0.000000,0.000000,20.477136,695.625000,
30,500,-0.000000,1.000000,34.364594,313.750000,
31,500,0.972052,0.750000,38.783353,288.625000,
32,500,-45.068077,0.750000,31.903249,384.500000,
33,500,-22.859879,0.750000,27.905289,392.500000,
34,500,-20.556700,0.875000,20.515476,234.375000,
35,500,-0.000000,1.000000,32.698072,283.250000,
36,500,-34.471676,0.250000,26.419378,744.125000,
37,500,-0.000000,1.000000,30.358072,340.125000,
38,500,-85.425552,0.875000,26.697478,279.250000,
39,500,-0.000000,0.000000,24.207671,528.875000,
40,500,24.477047,0.375000,24.569396,468.000000,
41,500,-21.996063,0.750000,21.407971,324.000000,
42,500,-6.163107,0.500000,22.931316,365.125000,
43,500,-59.805973,0.625000,20.838310,503.250000,
44,500,-71.591560,0.375000,18.892081,605.625000,
45,500,-0.000000,1.000000,17.717274,271.500000,
46,500,-2.878819,0.875000,27.855605,273.250000,
47,500,-21.631210,0.375000,19.991232,541.375000,
48,500,-0.000000,1.000000,20.811038,385.375000,
49,500,-42.647652,0.125000,19.147980,635.625000,
50,500,9.121284,0.375000,19.786856,313.375000,
51,500,8.373024,0.875000,19.352786,343.125000,
52,500,-0.000000,0.000000,13.960424,805.500000,
53,500,-33.699562,0.875000,9.793267,263.750000,
54,500,-13.373154,0.875000,8.998002,297.250000,
55,500,-28.429359,0.125000,11.148343,414.000000,
56,500,-0.000000,0.000000,10.522458,276.375000,
57,500,-15.069154,0.500000,11.687713,567.000000,
58,500,-36.378399,0.750000,11.537257,548.125000,
59,500,-12.474463,0.625000,8.667634,392.250000,
60,500,-117.309570,0.250000,13.863904,756.375000,
61,500,-0.000000,0.000000,12.324767,646.875000,
62,500,-69.734093,0.875000,13.225469,498.500000,
63,500,-54.663307,0.375000,9.384129,505.875000,
64,500,10.624774,0.750000,9.183590,289.125000,
65,500,-56.973080,0.625000,9.300767,375.500000,
66,500,-41.335686,0.250000,10.678175,570.250000,
67,500,-3.508211,0.125000,11.141730,756.000000,
68,500,-8.081686,0.500000,10.809389,643.750000,
69,500,-86.565979,0.375000,11.673199,697.125000,
70,500,-21.809406,0.750000,9.768385,295.625000,
71,500,-4.979749,0.875000,7.520296,348.000000,
72,500,-77.508636,0.750000,9.394649,535.375000,
73,500,-0.000000,1.000000,10.448108,513.875000,
74,500,-0.000000,1.000000,7.743423,259.875000,
75,500,-54.583939,0.250000,9.337557,606.625000,
76,500,-0.000000,1.000000,11.314928,332.000000,
77,500,42.092216,0.250000,18.161135,596.125000,
78,500,-0.000000,1.000000,13.841688,320.625000,
79,500,-75.952393,0.625000,20.199574,680.500000,
80,500,-4.849754,0.625000,14.929079,539.000000,
81,500,2.259428,0.125000,16.606048,545.375000,
82,500,9.474344,0.750000,14.951493,452.125000,
83,500,-0.000000,1.000000,13.184405,221.250000,
84,500,-0.000000,1.000000,17.713600,521.625000,
85,500,-8.665841,0.875000,14.801772,326.125000,
86,500,-0.000000,1.000000,13.497029,186.500000,
87,500,3.370155,0.750000,15.154344,382.750000,
88,500,-68.803513,0.750000,16.162197,523.250000,
89,500,8.656753,0.500000,12.990008,540.625000,
90,500,14.115473,0.250000,12.067610,804.250000,
91,500,-89.023018,0.500000,8.126671,400.625000,
92,500,-11.640326,0.625000,7.633134,242.375000,
93,500,-4.075905,0.625000,13.543546,568.000000,
94,500,-5.824431,0.625000,9.602097,566.250000,
95,500,-0.000000,0.000000,8.840488,368.375000,
96,500,5.766803,0.875000,9.580764,216.250000,
97,500,-0.000000,1.000000,11.871622,366.500000,
98,500,-0.000000,1.000000,12.076271,321.000000,
99,500,-67.188469,0.750000,10.483069,342.000000,
100,500,-9.958904,0.875000,11.289203,313.000000,
101,500,-39.477539,0.250000,9.197187,471.125000,
102,500,-0.000000,1.000000,11.352294,453.000000,
103,500,-68.936707,0.250000,12.555770,646.750000,
104,500,-0.000000,1.000000,10.890504,227.750000,
105,500,-67.402519,0.875000,13.264173,385.125000,
106,500,-49.068771,0.875000,9.680783,249.250000,
107,500,-17.166615,0.875000,12.716626,203.250000,
108,500,-0.000000,0.000000,9.430006,255.375000,
109,500,-0.000000,1.000000,12.829592,364.125000,
110,500,-0.000000,0.000000,15.109637,578.625000,
111,500,-0.000000,1.000000,11.136786,242.125000,
112,500,-0.000000,0.000000,16.625088,967.000000,
113,500,-67.821770,0.625000,10.351375,360.000000,
114,500,-33.926991,0.625000,7.828732,189.375000,
115,500,-0.000000,1.000000,14.199650,158.250000,
116,500,-21.102772,0.875000,11.747901,327.750000,
117,500,-0.000000,0.000000,11.206993,510.375000,
118,500,-110.333939,0.750000,10.818387,379.750000,
119,500,-0.000000,0.000000,11.112206,672.375000,
120,500,-97.585030,0.750000,24.905388,332.625000,
121,500,-0.000000,0.000000,22.837689,1012.500000,
122,500,-0.000000,0.000000,16.999163,619.000000,
123,500,-0.000000,0.000000,14.637793,888.250000,
124,500,-17.391712,0.875000,23.102084,194.750000,
125,500,-0.000000,0.000000,29.015606,708.250000,
126,500,7.290914,0.125000,23.607058,630.000000,
127,500,-58.501823,0.750000,21.005576,594.625000,
128,500,-8.895885,0.625000,17.587980,397.125000,
129,500,-24.955008,0.875000,16.322941,586.875000,
130,500,-77.319267,0.750000,16.278303,377.000000,
131,500,-13.826653,0.875000,14.136008,267.000000,
132,500,-0.000000,1.000000,13.567543,249.875000,
133,500,-36.769897,0.875000,18.298250,474.125000,
134,500,-64.673470,0.375000,14.730504,540.125000,
135,500,-0.000000,1.000000,16.407411,301.625000,
136,500,-0.000000,1.000000,21.003918,196.750000,
137,500,-75.053429,0.750000,19.484805,539.750000,
138,500,-29.100266,0.500000,16.798680,590.250000,
139,500,-39.846558,0.250000,15.447308,615.250000,
140,500,-64.542542,0.250000,19.265215,623.625000,
141,500,-67.250465,0.875000,16.286592,175.500000,
142,500,-49.534050,0.250000,16.041556,899.750000,
143,500,-0.000000,1.000000,11.419802,405.875000,
144,500,-13.100319,0.875000,12.946735,498.625000,
145,500,-0.000000,1.000000,12.550701,324.750000,
146,500,-0.000000,1.000000,12.540602,318.125000,
147,500,7.782006,0.750000,13.551402,378.750000,
148,500,-32.683743,0.625000,10.526179,243.250000,
149,500,-0.000000,1.000000,11.630800,356.125000,
150,500,-38.405819,0.375000,12.254370,438.375000,
151,500,-0.000000,1.000000,12.719684,255.000000,
152,500,-0.000000,1.000000,14.355680,330.500000,
153,500,-0.000000,1.000000,18.344990,178.500000,
154,500,-0.000000,1.000000,12.057582,239.625000,
155,500,19.811024,0.125000,9.491889,303.125000,
156,500,-34.741669,0.500000,12.157299,653.125000,
157,500,-72.707397,0.375000,9.263103,349.750000,
158,500,-1.547050,0.500000,9.697290,474.500000,
159,500,-87.370766,0.625000,9.750827,549.250000,
160,500,-89.061783,0.750000,9.143000,430.250000,
161,500,-18.584352,0.500000,10.535333,532.125000,
162,500,11.171326,0.250000,10.946660,472.625000,
163,500,-17.677168,0.875000,9.866502,262.625000,
164,500,-17.092491,0.750000,11.272691,353.250000,
165,500,-43.552704,0.875000,9.176747,372.250000,
166,500,16.879677,0.875000,10.356183,356.500000,
167,500,-47.730705,0.375000,10.421806,379.375000,
168,500,-44.675388,0.625000,9.771482,354.875000,
169,500,-62.375008,0.625000,12.284314,555.250000,
170,500,-23.752392,0.875000,10.560459,371.375000,
171,500,-0.000000,0.000000,13.299583,594.375000,
172,500,-1.266659,0.625000,14.242409,546.500000,
173,500,-38.200581,0.500000,13.204765,479.125000,
174,500,-29.494785,0.875000,9.371242,362.250000,
175,500,-93.940117,0.500000,14.714897,670.375000,
176,500,-0.000000,0.000000,11.970843,422.875000,
177,500,-0.000000,0.000000,13.808119,439.000000,
178,500,-32.975750,0.875000,10.969842,275.250000,
179,500,-98.031876,0.875000,12.629568,250.375000,
180,500,-16.883469,0.875000,11.309301,451.125000,
181,500,-22.509024,0.875000,10.564217,366.875000,
182,500,-0.000000,1.000000,9.493530,208.125000,
183,500,-20.345388,0.875000,8.571800,212.250000,
184,500,-0.000000,0.000000,17.288885,865.625000,
185,500,-41.078789,0.375000,13.127651,619.625000,
186,500,-62.689888,0.250000,10.612137,475.375000,
187,500,-32.467846,0.500000,12.347200,516.125000,
188,500,-30.520882,0.875000,16.058293,440.375000,
189,500,-0.000000,0.000000,12.486256,387.000000,
190,500,-37.233257,0.625000,11.773037,287.125000,
191,500,0.248363,0.125000,12.635659,750.500000,
192,500,-0.000000,0.000000,8.710709,598.500000,
193,500,-133.667038,0.875000,19.172483,510.625000,
194,500,47.377117,0.125000,14.030657,572.375000,
195,500,-13.731157,0.875000,11.250548,262.375000,
196,500,-0.000000,1.000000,10.930263,231.000000,
197,500,-129.052414,0.750000,14.481660,465.125000,
198,500,-13.140827,0.875000,12.522534,133.125000,
199,500,-0.000000,1.000000,14.179523,322.375000,
200,500,17.568352,0.250000,17.354790,800.500000,
201,500,-0.000000,0.000000,16.208858,897.625000,
202,500,0.333688,0.375000,10.293004,468.000000,
203,500,-0.000000,0.000000,10.592766,329.000000,
204,500,-0.000000,1.000000,12.467630,298.250000,
205,500,-12.862943,0.750000,10.190893,295.500000,
206,500,-0.000000,0.000000,14.288896,462.500000,
207,500,-40.076622,0.625000,15.039231,477.875000,
208,500,-16.435225,0.875000,8.509620,199.375000,
209,500,64.743927,0.375000,10.266331,317.250000,
210,500,15.821249,0.625000,10.559142,337.750000,
211,500,-0.000000,0.000000,15.232304,658.000000,
212,500,-23.572994,0.875000,12.107906,247.500000,
213,500,-14.898210,0.875000,11.165123,231.125000,
214,500,-75.401184,0.375000,14.929818,697.875000,
215,500,-0.000000,1.000000,9.077009,157.500000,
216,500,-30.813389,0.875000,11.681178,360.000000,
217,500,-0.000000,1.000000,11.646733,347.500000,
218,500,-0.000000,1.000000,14.440730,442.250000,
219,500,-96.943550,0.875000,12.906774,465.125000,
220,500,-45.736862,0.750000,8.627634,264.875000,
221,500,-0.000000,0.000000,10.947259,358.250000,
222,500,-0.000000,1.000000,11.860381,282.750000,
223,500,-53.374176,0.875000,14.546213,355.125000,
224,500,-0.000000,0.000000,14.534836,522.750000,
225,500,14.438564,0.250000,12.307909,246.500000,
226,500,-0.000000,0.000000,16.096181,661.625000,
227,500,-25.774067,0.625000,15.927893,463.250000,
228,500,-22.581255,0.625000,12.189092,266.000000,
229,500,-2.604764,0.750000,9.612448,367.500000,
230,500,-137.046722,0.125000,14.546872,809.500000,
231,500,-27.688236,0.625000,9.909845,387.375000,
232,500,119.834808,0.125000,10.729247,494.000000,
233,500,-0.000000,1.000000,7.926572,168.750000,
234,500,-41.735268,0.625000,8.539855,328.125000,
235,500,-96.826729,0.750000,9.207511,475.875000,
236,500,24.955837,0.875000,9.509481,368.875000,
237,500,-8.698130,0.625000,6.888737,317.500000,
238,500,-0.000000,1.000000,7.515713,260.625000,
239,500,-50.447083,0.375000,10.714664,698.125000,
240,500,-0.000000,1.000000,9.763925,202.125000,
241,500,-27.249271,0.250000,11.585752,363.000000,
242,500,-0.000000,1.000000,9.610200,255.750000,
243,500,-2.986349,0.875000,8.094975,255.000000,
244,500,-0.000000,0.000000,10.021244,367.625000,
245,500,-0.000000,1.000000,9.461329,208.875000,
246,500,-88.770157,0.500000,15.060994,580.875000,
247,500,-0.000000,0.000000,15.793400,781.500000,
248,500,-66.202286,0.750000,12.204092,390.000000,
249,500,-26.157553,0.750000,10.339464,239.875000,
250,500,-114.907982,0.500000,14.965348,548.875000,
251,500,-22.150620,0.625000,8.972531,230.000000,
252,500,-0.000000,0.000000,12.175634,481.750000,
253,500,-0.000000,1.000000,10.041797,216.875000,
254,500,-18.816023,0.875000,12.079501,270.125000,
255,500,-0.000000,1.000000,18.594512,254.375000,
256,500,-0.000000,1.000000,16.932831,435.125000,
257,500,0.780063,0.875000,17.301511,358.500000,
258,500,1.842354,0.250000,13.069216,465.750000,
259,500,-20.373142,0.250000,9.435199,589.375000,
260,500,-61.988976,0.125000,14.889385,545.500000,
261,500,5.855341,0.750000,8.220720,243.625000,
262,500,-0.000000,0.000000,14.405088,565.625000,
263,500,-7.112193,0.625000,14.410844,696.625000,
264,500,-0.000000,1.000000,8.098333,211.500000,
265,500,-2.606946,0.750000,11.424566,192.000000,
266,500,-18.906824,0.625000,11.867023,389.875000,
267,500,-59.818913,0.875000,9.242156,209.875000,
268,500,-0.000000,0.000000,13.124129,536.250000,
269,500,-48.100487,0.750000,11.246065,283.000000,
270,500,-7.915793,0.750000,12.914939,305.625000,
271,500,-39.498623,0.625000,14.659747,498.500000,
272,500,-60.857906,0.250000,11.418924,330.875000,
273,500,-230.860916,0.875000,8.859572,332.000000,
274,500,-0.000000,1.000000,11.805425,192.000000,
275,500,-0.000000,0.000000,9.304920,222.000000,
276,500,-31.035553,0.750000,12.055137,320.125000,
277,500,-127.216965,0.500000,13.117877,638.500000,
278,500,-9.508846,0.875000,12.264102,434.000000,
279,500,-1.248389,0.875000,10.474784,291.000000,
280,500,-0.000000,0.000000,16.044340,851.250000,
281,500,-58.094585,0.875000,10.168182,176.625000,
282,500,-0.000000,1.000000,10.076493,302.000000,
283,500,-26.321537,0.750000,12.653116,410.875000,
284,500,-48.530102,0.500000,14.552129,503.500000,
285,500,-0.000000,1.000000,11.751400,294.375000,
286,500,-0.000000,1.000000,14.011699,407.750000,
287,500,-65.025558,0.875000,13.720525,396.750000,
288,500,-7.812763,0.500000,12.353720,584.750000,
289,500,-53.664387,0.125000,13.042101,756.000000,
290,500,-44.131100,0.875000,7.421888,236.625000,
291,500,-87.577316,0.750000,8.378005,249.750000,
292,500,-41.667816,0.250000,10.121828,572.250000,
293,500,-46.792309,0.125000,11.255604,633.375000,
294,500,-55.551357,0.750000,8.754522,351.625000,
295,500,-0.000000,1.000000,11.189507,291.625000,
296,500,-136.002151,0.625000,14.527341,378.375000,
297,500,-11.176897,0.750000,9.366487,232.500000,
298,500,-0.000000,1.000000,9.463365,220.375000,
299,500,-0.000000,0.000000,14.868688,844.500000,
300,500,-47.564491,0.125000,12.231998,372.125000,
301,500,-104.315453,0.875000,12.229350,468.875000,
302,500,-34.739296,0.625000,11.865868,615.500000,
303,500,0.437113,0.875000,6.938178,226.625000,
304,500,-0.000000,1.000000,10.858819,325.625000,
305,500,-0.000000,1.000000,11.991434,269.125000,
306,500,-38.813206,0.750000,11.716093,378.625000,
307,500,-12.420008,0.250000,10.662973,386.750000,
308,500,-0.000000,1.000000,10.404624,339.500000,
309,500,-15.846838,0.500000,10.914989,291.125000,
310,500,-0.000000,0.000000,16.047050,718.375000,
311,500,-15.844586,0.625000,12.211923,293.625000,
312,500,-0.000000,1.000000,11.744447,288.000000,
313,500,-0.000000,0.000000,13.776594,511.500000,
314,500,-0.000000,0.000000,12.556800,306.250000,
315,500,-140.494370,0.750000,12.966112,368.750000,
316,500,-139.885391,0.750000,12.872658,446.250000,
317,500,-85.227905,0.750000,11.285047,439.750000,
318,500,-151.379227,0.375000,12.424215,845.625000,
319,500,-315.391968,0.875000,9.513877,623.750000,
320,500,-0.000000,1.000000,12.150132,452.750000,
321,500,-24.728249,0.250000,11.674740,665.500000,
322,500,-64.604759,0.625000,8.942030,450.875000,
323,500,-136.843094,0.250000,8.987183,861.750000,
324,500,-37.398056,0.625000,7.316292,367.625000,
325,500,-40.817001,0.500000,7.747449,421.250000,
326,500,-35.981556,0.750000,5.006917,288.375000,
327,500,-179.169510,0.875000,6.785346,565.875000,
328,500,-33.275322,0.250000,7.197754,529.000000,
329,500,-0.000000,0.000000,9.145908,739.875000,
330,500,-0.000000,0.000000,14.987706,891.875000,
331,500,-0.000000,0.000000,13.255185,539.875000,
332,500,-0.115038,0.750000,10.484607,505.750000,
333,500,-0.000000,1.000000,8.586228,395.000000,
334,500,-15.645180,0.375000,11.310336,770.875000,
335,500,-0.000000,0.000000,12.632190,617.500000,
336,500,-0.000000,0.000000,13.136312,432.000000,
337,500,-21.126200,0.875000,11.280766,330.250000,
338,500,-0.000000,0.000000,13.363515,744.875000,
339,500,8.404157,0.625000,13.787584,566.750000,
340,500,-74.909111,0.750000,11.149713,407.125000,
341,500,-96.951981,0.750000,11.606817,434.250000,
342,500,12.979544,0.125000,14.426591,638.500000,
343,500,13.387930,0.875000,10.305139,180.625000,
344,500,-107.011429,0.875000,9.937801,475.000000,
345,500,-96.500671,0.625000,11.108504,574.625000,
346,500,-182.254364,0.750000,10.113717,429.250000,
347,500,-102.179169,0.750000,11.706604,538.000000,
348,500,9.454663,0.875000,8.544962,183.375000,
349,500,-32.726551,0.250000,11.233355,590.250000,
350,500,-35.235371,0.875000,7.329934,166.875000,
351,500,-64.104973,0.125000,10.181286,509.250000,
352,500,-113.114273,0.250000,8.874686,607.625000,
353,500,-0.000000,0.000000,9.918586,612.500000,
354,500,-23.035738,0.875000,10.210259,282.125000,
355,500,-0.000000,0.000000,14.065734,728.875000,
356,500,-0.000000,0.000000,11.819031,910.750000,
357,500,-0.000000,0.000000,20.244107,719.500000,
358,500,-89.418938,0.750000,12.523873,396.250000,
359,500,-0.000000,1.000000,9.054709,242.000000,
360,500,-0.000000,0.000000,11.672413,737.000000,
361,500,-0.000000,1.000000,12.009107,330.875000,
362,500,-0.000000,1.000000,14.186682,339.125000,
363,500,-30.495827,0.875000,13.352676,160.875000,
364,500,-37.912094,0.875000,11.368277,311.250000,
365,500,59.287365,0.375000,11.743917,357.750000,
366,500,-143.664932,0.875000,12.291352,486.375000,
367,500,-67.793129,0.750000,10.088699,390.625000,
368,500,-0.000000,0.000000,14.287968,691.375000,
369,500,-247.041061,0.375000,14.758981,524.375000,
370,500,-0.000000,0.000000,13.676554,645.125000,
371,500,-61.234314,0.750000,14.812124,464.500000,
372,500,-62.000023,0.750000,9.203705,251.000000,
373,500,1.500807,0.875000,6.942820,223.500000,
374,500,-69.745621,0.875000,10.730844,469.125000,
375,500,-64.037773,0.875000,5.205377,180.625000,
376,500,-0.000000,0.000000,10.758698,473.750000,
377,500,-0.000000,1.000000,9.206332,145.500000,
378,500,-554.038940,0.750000,11.427956,464.375000,
379,500,-124.216652,0.625000,10.155630,331.625000,
380,500,-0.000000,1.000000,6.148823,192.625000,
381,500,-278.863678,0.500000,9.594035,443.750000,
382,500,-374.980499,0.125000,13.852196,775.000000,
383,500,-340.920532,0.375000,7.757511,491.375000,
384,500,-931.899414,0.625000,9.216726,583.875000,
385,500,-560.177002,0.125000,9.728004,791.000000,
386,500,-325.621918,0.250000,9.994474,687.250000,
387,500,-0.000000,0.000000,10.325937,822.000000,
388,500,86.815399,0.750000,9.770016,301.375000,
389,500,-194.174957,0.750000,9.557191,401.500000,
390,500,-531.522949,0.375000,10.344614,617.750000,
391,500,-753.598999,0.500000,10.492254,484.000000,
392,500,-0.000000,0.000000,10.685438,399.000000,
393,500,-2018.104492,0.500000,11.766932,673.125000,
394,500,-1638.590332,0.500000,10.109646,651.625000,
395,500,-1012.443115,0.250000,12.936256,767.500000,
396,500,-0.000000,0.000000,15.198001,984.625000,
397,500,-1572.405640,0.250000,13.924947,932.625000,
398,500,-0.000000,0.000000,11.768225,1024.000000,
399,500,-0.000000,0.000000,12.485429,951.750000,
400,500,-1688.104492,0.125000,15.741552,939.375000,
401,500,-0.000000,0.000000,11.638014,1024.000000,
402,500,-0.000000,0.000000,14.049702,1024.000000,
403,500,-0.000000,0.000000,16.709993,968.625000,
404,500,-0.000000,0.000000,10.740704,889.125000,
405,500,-0.000000,0.000000,12.708469,1024.000000,
406,500,-0.000000,0.000000,11.929786,883.875000,
407,500,-0.000000,0.000000,13.954197,1024.000000,
408,500,-121.852875,0.125000,12.033002,967.750000,
409,500,-0.000000,0.000000,17.184145,1024.000000,
410,500,-0.000000,0.000000,15.917128,1024.000000,
411,500,-0.000000,0.000000,14.322680,1024.000000,
412,500,-0.000000,0.000000,10.714602,1024.000000,
413,500,-0.000000,0.000000,14.659834,1024.000000,
