step,total_steps,loss,reward_avg,avg_response_len
1,50,-0.000000,0.000000,6.250000
2,50,-0.000000,0.000000,6.750000
3,50,9.203190,0.500000,56.000000
4,50,2.922304,0.250000,56.500000
5,50,-1.358714,0.375000,185.750000
6,50,2.696564,0.500000,347.750000
7,50,-0.000000,0.000000,512.000000
8,50,3.909804,0.750000,188.000000
9,50,-0.000000,0.000000,468.750000
10,50,-0.000000,0.000000,465.750000
11,50,-0.000000,1.000000,328.500000
12,50,-0.000000,0.000000,351.250000
13,50,-0.000000,0.000000,253.750000
14,50,-0.000000,1.000000,263.250000
15,50,-0.000000,1.000000,193.750000
16,50,-3.771688,0.750000,327.500000
17,50,-0.000000,0.000000,512.000000
18,50,-0.000000,1.000000,333.000000
19,50,-0.000000,1.000000,351.000000
20,50,-6.408776,0.375000,467.000000
21,50,-0.000000,1.000000,403.500000
22,50,-9.519247,0.750000,459.750000
23,50,-0.000000,0.000000,475.000000
24,50,-3.546447,0.250000,455.750000
25,50,-0.602654,0.750000,500.000000
26,50,-0.000000,1.000000,312.750000
27,50,0.033630,0.875000,396.750000
28,50,-0.000000,1.000000,288.250000
29,50,-0.000000,0.000000,512.000000
30,50,-0.000000,1.000000,342.000000
31,50,-0.000000,1.000000,309.250000
32,50,-0.000000,1.000000,383.250000
33,50,-0.000000,1.000000,354.750000
34,50,-0.000000,1.000000,240.000000
35,50,-0.000000,1.000000,365.250000
36,50,-0.000000,0.000000,512.000000
37,50,-0.000000,1.000000,343.500000
38,50,-0.000000,1.000000,153.000000
39,50,-0.000000,0.000000,443.500000
40,50,1.521075,0.375000,502.000000
41,50,-0.000000,1.000000,369.250000
42,50,-5.896242,0.125000,285.250000
43,50,-13.514262,0.750000,429.250000
44,50,0.540799,0.750000,498.500000
45,50,-0.000000,1.000000,265.000000
46,50,-0.000000,1.000000,271.000000
47,50,-14.291133,0.750000,492.250000
48,50,-0.000000,1.000000,313.000000
49,50,-0.000000,0.000000,512.000000
50,50,-3.536353,0.500000,291.250000
